"Ad Number","Ad Type","Order Number","Role","Crypto Amount","Crypto Currency","Fiat Amount","Fiat Currency","Price","Payment Method","Creation Time","Completion Time"
"AB-00865963","PURCHASE","OB-027821354","BUYER","34.687809","USDT","2977.00","RUB","85.8","T-Bank (Tinkoff)","2024-09-30T05:38:01.375208Z","2024-10-02T11:36:37.819043Z"
"AS-01381290","SALE","OS-028064589","SELLER","2381.818181818","HMSTR","1310.00","RUB","0.55","SBP","2024-10-01T06:20:44.728526Z","2024-10-01T06:25:29.055641Z"
"AB-01381038","PURCHASE","OB-028069497","BUYER","4033.071050000","HMSTR","1817.42","RUB","0.4506299223133048794","Sberbank","2024-10-01T06:58:13.263420Z","2024-10-01T07:04:56.061986Z"
"AB-01062527","PURCHASE","OB-028069537","BUYER","5.222993062","TON","2621.94","RUB","502","Sberbank","2024-10-01T06:58:27.424093Z","2024-10-01T07:04:11.431032Z"
"AB-00865963","PURCHASE","OB-028069630","BUYER","41.734168","USDT","3577.00","RUB","85.7","Alfa-Bank","2024-10-01T06:59:15.956930Z","2024-10-01T07:50:46.324049Z"
"AS-01248787","SALE","OS-028070013","SELLER","4.760180995","TON","2630.00","RUB","552.5","SBP","2024-10-01T07:00:39.459465Z","2024-10-01T07:04:25.976973Z"
"AS-01381290","SALE","OS-028070097","SELLER","3309.090909090","HMSTR","1820.00","RUB","0.55","Sberbank","2024-10-01T07:01:22.825216Z","2024-10-01T07:05:26.147847Z"
"AB-01381038","PURCHASE","OB-028070232","BUYER","2817.990100000","HMSTR","1272.29","RUB","0.4514896764348703371","SBP","2024-10-01T07:02:04.298188Z","2024-10-01T07:16:48.463572Z"
"AB-01381038","PURCHASE","OB-028070259","BUYER","2475.092020000","HMSTR","1117.05","RUB","0.451316392603059384","SBP","2024-10-01T07:01:59.416704Z","2024-10-01T07:10:43.599619Z"
"AS-01381290","SALE","OS-028070760","SELLER","2036.363636363","HMSTR","1120.00","RUB","0.55","SBP","2024-10-01T07:06:00.359339Z","2024-10-01T07:10:43.587126Z"
"AB-01381038","PURCHASE","OB-028071193","BUYER","2416.080910000","HMSTR","1086.53","RUB","0.4497062824066236309","SBP","2024-10-01T07:08:25.629565Z","2024-10-01T07:20:34.818608Z"
"AB-01381038","PURCHASE","OB-028071245","BUYER","3439.031440000","HMSTR","1545.35","RUB","0.4493560815582630561","Sberbank","2024-10-01T07:08:42.754646Z","2024-10-01T07:49:18.849861Z"
"AB-01062527","PURCHASE","OB-028071668","BUYER","5.473240832","TON","2747.57","RUB","502","SBP","2024-10-01T07:11:08.655758Z","2024-10-01T15:46:00.169856Z"
"AS-00893805","SALE","OS-028071720","SELLER","38.166311","USDT","3580.00","RUB","93.8","SBP","2024-10-01T07:11:42.079290Z","2024-10-01T07:17:31.406203Z"
"AS-01381174","SALE","OS-028071726","SELLER","2327.272727272","HMSTR","1280.00","RUB","0.55","SBP","2024-10-01T07:11:48.352231Z","2024-10-01T07:17:02.513439Z"
"AS-01381290","SALE","OS-028072295","SELLER","1981.818181818","HMSTR","1090.00","RUB","0.55","SBP","2024-10-01T07:14:02.252880Z","2024-10-01T07:20:49.148703Z"
"AB-01381038","PURCHASE","OB-028073228","BUYER","3196.171720414","HMSTR","1435.65","RUB","0.4491779934195594054","T-Bank (Tinkoff)","2024-10-01T07:19:57.047429Z","2024-10-01T07:29:58.256898Z"
"AB-01381038","PURCHASE","OB-028074084","BUYER","2503.828270000","HMSTR","1123.90","RUB","0.4488722482483280439","Sberbank","2024-10-01T07:26:02.006815Z","2024-10-01T08:24:47.687504Z"
"AS-01381290","SALE","OS-028074163","SELLER","2609.090909090","HMSTR","1435.00","RUB","0.55","T-Bank (Tinkoff)","2024-10-01T07:26:16.243260Z","2024-10-01T07:30:14.822824Z"
"AB-01381038","PURCHASE","OB-028074169","BUYER","2362.829330000","HMSTR","1060.40","RUB","0.4487845504049089965","Sberbank","2024-10-01T07:26:30.862396Z","2024-10-01T07:49:33.492922Z"
"AB-00865963","PURCHASE","OB-028074860","BUYER","67.938554","USDT","6020.00","RUB","88.6","Alfa-Bank","2024-10-01T07:31:05.539223Z","2024-10-01T08:35:47.497112Z"
"AB-01062527","PURCHASE","OB-028075352","BUYER","5.394782514","TON","2708.18","RUB","502","T-Bank (Tinkoff)","2024-10-01T07:33:52.843924Z","2024-10-01T15:43:42.948018Z"
"AB-00865963","PURCHASE","OB-028075452","BUYER","84.000000","USDT","7443.00","RUB","88.6","SBP","2024-10-01T07:34:43.418168Z","2024-10-01T07:48:48.762046Z"
"AS-01248787","SALE","OS-028075987","SELLER","4.904977375","TON","2710.00","RUB","552.5","T-Bank (Tinkoff)","2024-10-01T07:38:14.875708Z","2024-10-01T07:43:05.440673Z"
"AS-00663090","SALE","OS-028076107","SELLER","79.255319","USDT","7450.00","RUB","94","SBP","2024-10-01T07:39:06.260523Z","2024-10-01T07:48:04.200529Z"
"AB-01062527","PURCHASE","OB-028076154","BUYER","5.800000000","TON","2911.60","RUB","502","T-Bank (Tinkoff)","2024-10-01T07:39:28.058208Z","2024-10-01T07:54:16.713316Z"
"AB-01062527","PURCHASE","OB-028076292","BUYER","5.437086054","TON","2729.42","RUB","502","SBP","2024-10-01T07:40:19.961909Z","2024-10-01T15:45:12.843291Z"
"AS-01381290","SALE","OS-028076771","SELLER","2000.000000000","HMSTR","1060.00","RUB","0.53","SBP","2024-10-01T07:43:20.840786Z","2024-10-01T07:49:48.369552Z"
"AB-00865963","PURCHASE","OB-028076808","BUYER","80.265252","USDT","7112.00","RUB","88.6","T-Bank (Tinkoff)","2024-10-01T07:43:38.841315Z","2024-10-01T08:24:18.872262Z"
"AS-00722215","SALE","OS-028076851","SELLER","4.945652173","TON","2730.00","RUB","552","SBP","2024-10-01T07:43:57.692928Z","2024-10-01T07:53:16.507056Z"
"AS-01381174","SALE","OS-028077003","SELLER","2924.528301886","HMSTR","1550.00","RUB","0.53","SBP","2024-10-01T07:45:16.744077Z","2024-10-01T07:49:33.490838Z"
"AB-00865963","PURCHASE","OB-028077144","BUYER","99.306659","USDT","8799.00","RUB","88.6","SBP","2024-10-01T07:45:57.572239Z","2024-10-01T08:34:30.510042Z"
"AS-01248787","SALE","OS-028077721","SELLER","5.276018099","TON","2915.00","RUB","552.5","SBP","2024-10-01T07:49:26.975163Z","2024-10-01T07:54:30.890198Z"
"AB-00865963","PURCHASE","OB-028077860","BUYER","101.496531","USDT","8993.00","RUB","88.6","SBP","2024-10-01T07:51:15.787481Z","2024-10-01T08:43:28.519035Z"
"AS-01248787","SALE","OS-028078007","SELLER","4.977375565","TON","2750.00","RUB","552.5","SBP","2024-10-01T07:51:12.133113Z","2024-10-01T07:57:18.989807Z"
"AS-00663090","SALE","OS-028080671","SELLER","75.893333","USDT","7115.00","RUB","93.75","SBP","2024-10-01T08:07:59.339894Z","2024-10-01T08:12:04.302481Z"
"AS-01381290","SALE","OS-028081914","SELLER","2132.075471698","HMSTR","1130.00","RUB","0.53","SBP","2024-10-01T08:16:45.628314Z","2024-10-01T08:25:16.790670Z"
"AB-00892344","PURCHASE","OB-028083640","BUYER","0.00037661","BTC","2022.91","RUB","5371367.836547656107","SBP","2024-10-01T08:25:13.575619Z","2024-10-01T08:26:32.877021Z"
"AS-00663090","SALE","OS-028084564","SELLER","94.369973","USDT","8800.00","RUB","93.25","SBP","2024-10-01T08:30:57.214217Z","2024-10-01T08:34:45.099730Z"
"AS-00893805","SALE","OS-028084775","SELLER","64.557640","USDT","6020.00","RUB","93.25","Alfa-Bank","2024-10-01T08:32:11.048328Z","2024-10-01T08:36:04.515971Z"
"AS-00663090","SALE","OS-028085137","SELLER","96.514745","USDT","9000.00","RUB","93.25","SBP","2024-10-01T08:34:50.214503Z","2024-10-01T08:43:57.500396Z"
"AB-00892344","PURCHASE","OB-028086033","BUYER","0.00042616","BTC","2290.15","RUB","5373924.187715827641","SBP","2024-10-01T08:40:30.609835Z","2024-10-01T08:42:44.809740Z"
"AB-00892344","PURCHASE","OB-028087905","BUYER","0.00037275","BTC","2000.00","RUB","5365436.407351142247","SBP","2024-10-01T08:52:15.472671Z","2024-10-01T08:56:09.153519Z"
"AB-00957687","PURCHASE","OB-028094580","BUYER","40.397951","USDT","3399.14","RUB","84.14127359682049917","T-Bank (Tinkoff)","2024-10-01T09:33:46.734829Z","2024-10-01T09:49:33.486125Z"
"AB-01062527","PURCHASE","OB-028094583","BUYER","5.800000000","TON","2911.60","RUB","502","Sberbank","2024-10-01T09:33:38.657810Z","2024-10-01T09:39:36.078878Z"
"AS-01248787","SALE","OS-028095073","SELLER","5.300000000","TON","2915.00","RUB","550","SBP","2024-10-01T09:36:33.526777Z","2024-10-01T09:39:50.714810Z"
"AS-00893805","SALE","OS-028096557","SELLER","36.170212","USDT","3400.00","RUB","94","T-Bank (Tinkoff)","2024-10-01T09:45:43.919930Z","2024-10-01T09:49:48.739551Z"
"AB-01062527","PURCHASE","OB-028098796","BUYER","5.004955401","TON","2512.49","RUB","502","SBP","2024-10-01T09:56:18.390849Z","2024-10-01T10:48:40.005310Z"
"AS-00893805","SALE","OS-028099085","SELLER","315.789473","USDT","30000.00","RUB","95","SBP","2024-10-01T09:57:51.676125Z","2024-10-01T10:01:37.290110Z"
"AS-00893805","SALE","OS-028099714","SELLER","210.526315","USDT","20000.00","RUB","95","SBP","2024-10-01T10:01:32.616299Z","2024-10-01T10:06:07.927229Z"
"AB-01062527","PURCHASE","OB-028100117","BUYER","5.000000000","TON","2510.00","RUB","502","SBP","2024-10-01T10:03:55.452093Z","2024-10-01T10:11:08.987951Z"
"AS-00893805","SALE","OS-028100639","SELLER","31.982942","USDT","3000.00","RUB","93.8","SBP","2024-10-01T10:07:37.458664Z","2024-10-01T10:10:25.954834Z"
"AS-01248787","SALE","OS-028100737","SELLER","4.563636363","TON","2510.00","RUB","550","SBP","2024-10-01T10:08:24.841237Z","2024-10-01T10:11:23.151814Z"
"AB-00957687","PURCHASE","OB-028102059","BUYER","213.919068","USDT","18000.00","RUB","84.14397147586782141","SBP","2024-10-01T10:16:29.110179Z","2024-10-01T10:24:02.671945Z"
"AS-00893805","SALE","OS-028102572","SELLER","192.513368","USDT","18000.00","RUB","93.5","SBP","2024-10-01T10:19:00.244958Z","2024-10-01T10:24:31.732111Z"
"AB-00865963","PURCHASE","OB-028105718","BUYER","53.406241","USDT","4695.00","RUB","87.9","SBP","2024-10-01T10:36:40.267189Z","2024-10-01T10:50:24.977141Z"
"AS-01248787","SALE","OS-028105803","SELLER","4.593607305","TON","2515.00","RUB","547.5","SBP","2024-10-01T10:37:10.132923Z","2024-10-01T10:41:00.602321Z"
"AB-00865963","PURCHASE","OB-028105834","BUYER","49.554014","USDT","4356.00","RUB","87.9","SBP","2024-10-01T10:37:32.689428Z","2024-10-01T10:47:55.675020Z"
"AB-01062527","PURCHASE","OB-028106011","BUYER","5.857032334","TON","2946.09","RUB","503","SBP","2024-10-01T10:38:34.179076Z","2024-10-01T11:17:30.615976Z"
"AB-01381038","PURCHASE","OB-028106370","BUYER","2493.121990000","HMSTR","1125.02","RUB","0.4512479733340077735","SBP","2024-10-01T10:40:45.524899Z","2024-10-01T10:52:45.081087Z"
"AB-01381038","PURCHASE","OB-028106418","BUYER","2832.507440000","HMSTR","1277.85","RUB","0.4511387296385570214","SBP","2024-10-01T10:41:08.282521Z","2024-10-01T15:47:13.446368Z"
"AS-01248787","SALE","OS-028106546","SELLER","5.388127853","TON","2950.00","RUB","547.5","SBP","2024-10-01T10:41:38.842904Z","2024-10-01T11:03:08.707451Z"
"AS-00663090","SALE","OS-028106675","SELLER","46.756032","USDT","4360.00","RUB","93.25","SBP","2024-10-01T10:43:07.485922Z","2024-10-01T10:47:26.377235Z"
"AS-00893805","SALE","OS-028107187","SELLER","50.348525","USDT","4695.00","RUB","93.25","SBP","2024-10-01T10:46:12.676256Z","2024-10-01T10:50:10.242351Z"
"AB-01381038","PURCHASE","OB-028107236","BUYER","2362.866210000","HMSTR","1063.74","RUB","0.4501897983325113786","Sberbank","2024-10-01T10:45:36.828780Z","2024-10-01T10:56:15.358584Z"
"AB-01381038","PURCHASE","OB-028107415","BUYER","2693.756190000","HMSTR","1215.71","RUB","0.451305058590973134","SBP","2024-10-01T10:46:45.487612Z","2024-10-01T10:58:42.505954Z"
"AS-01381290","SALE","OS-028107477","SELLER","2215.686274509","HMSTR","1130.00","RUB","0.51","SBP","2024-10-01T10:47:07.657132Z","2024-10-01T10:52:59.508701Z"
"AB-01062527","PURCHASE","OB-028107639","BUYER","5.000000000","TON","2515.00","RUB","503","T-Bank (Tinkoff)","2024-10-01T10:47:24.500742Z","2024-10-01T10:57:29.164922Z"
"AB-01381038","PURCHASE","OB-028108005","BUYER","2720.430970000","HMSTR","1227.80","RUB","0.451325779565884407","Sberbank","2024-10-01T10:49:42.158565Z","2024-10-01T10:58:13.363002Z"
"AS-01381290","SALE","OS-028108015","SELLER","2098.039215686","HMSTR","1070.00","RUB","0.51","SBP","2024-10-01T10:49:51.944973Z","2024-10-01T10:56:45.083607Z"
"AB-01062527","PURCHASE","OB-028108024","BUYER","5.189883229","TON","2610.51","RUB","503","SBP","2024-10-01T10:49:43.647299Z","2024-10-01T10:56:30.484805Z"
"AS-01248787","SALE","OS-028108407","SELLER","4.593607305","TON","2515.00","RUB","547.5","SBP","2024-10-01T10:51:59.689023Z","2024-10-01T10:56:45.091625Z"
"AS-01381290","SALE","OS-028108418","SELLER","2382.352941176","HMSTR","1215.00","RUB","0.51","SBP","2024-10-01T10:52:07.190528Z","2024-10-01T10:58:42.497507Z"
"AS-01248787","SALE","OS-028108821","SELLER","4.767123287","TON","2610.00","RUB","547.5","SBP","2024-10-01T10:54:26.017429Z","2024-10-01T10:56:45.323083Z"
"AS-01381290","SALE","OS-028108851","SELLER","2411.764705882","HMSTR","1230.00","RUB","0.51","SBP","2024-10-01T10:54:43.517077Z","2024-10-01T10:58:28.065758Z"
"AS-01381174","SALE","OS-028109624","SELLER","2466.281310211","HMSTR","1280.00","RUB","0.519","SBP","2024-10-01T10:58:40.176989Z","2024-10-01T11:01:54.853893Z"
"AB-00865963","PURCHASE","OB-028110751","BUYER","47.657082","USDT","4190.00","RUB","87.9","Sberbank","2024-10-01T11:05:21.662367Z","2024-10-01T11:13:23.464629Z"
"AS-00893805","SALE","OS-028111301","SELLER","44.693333","USDT","4190.00","RUB","93.75","SBP","2024-10-01T11:08:12.190413Z","2024-10-01T11:13:38.028859Z"
"AB-00896347","PURCHASE","OB-028111793","BUYER","0.00117535","BTC","6523.19","RUB","5550000","SBP","2024-10-01T11:11:28.548149Z","2024-10-01T11:23:54.358106Z"
"AB-01381038","PURCHASE","OB-028111801","BUYER","2797.809641702","HMSTR","1274.24","RUB","0.4554419932675652148","T-Bank (Tinkoff)","2024-10-01T11:11:33.887904Z","2024-10-01T11:19:41.813637Z"
"AB-01381038","PURCHASE","OB-028112151","BUYER","3105.194850000","HMSTR","1417.37","RUB","0.4564506292285609593","Sberbank","2024-10-01T11:14:11.502636Z","2024-10-01T15:47:45.467208Z"
"AS-01381290","SALE","OS-028112330","SELLER","2361.111111111","HMSTR","1275.00","RUB","0.54","SBP","2024-10-01T11:15:06.813599Z","2024-10-01T11:19:56.557979Z"
"AB-01381038","PURCHASE","OB-028112465","BUYER","3133.883750000","HMSTR","1428.14","RUB","0.4557083425926806259","Sberbank","2024-10-01T11:15:48.672602Z","2024-10-01T12:15:46.606462Z"
"AS-00894062","SALE","OS-028112774","SELLER","0.00109166","BTC","6550.00","RUB","6000000","SBP","2024-10-01T11:17:55.187354Z","2024-10-01T11:22:55.482083Z"
"AS-01381174","SALE","OS-028114190","SELLER","2784.313725490","HMSTR","1420.00","RUB","0.51","SBP","2024-10-01T11:27:07.004913Z","2024-10-01T11:34:58.326727Z"
"AB-00865963","PURCHASE","OB-028114863","BUYER","49.454905","USDT","4350.00","RUB","87.95","SBP","2024-10-01T11:31:23.512293Z","2024-10-01T11:44:24.532921Z"
"AB-00865963","PURCHASE","OB-028114948","BUYER","51.255341","USDT","4508.00","RUB","87.95","T-Bank (Tinkoff)","2024-10-01T11:31:49.488718Z","2024-10-01T15:29:52.924688Z"
"AB-00865963","PURCHASE","OB-028115744","BUYER","56.557313","USDT","4975.00","RUB","87.95","SBP","2024-10-01T11:36:47.645929Z","2024-10-01T11:48:03.795191Z"
"AB-01062527","PURCHASE","OB-028116226","BUYER","8.090678484","TON","4069.61","RUB","503","SBP","2024-10-01T11:39:41.152142Z","2024-10-01T11:50:08.132654Z"
"AS-00893805","SALE","OS-028116280","SELLER","46.524064","USDT","4350.00","RUB","93.5","SBP","2024-10-01T11:40:14.405470Z","2024-10-01T11:44:39.176329Z"
"AB-00865963","PURCHASE","OB-028116513","BUYER","51.030624","USDT","4489.00","RUB","87.95","Sberbank","2024-10-01T11:41:25.912044Z","2024-10-01T12:34:47.129811Z"
"AS-00663090","SALE","OS-028116663","SELLER","48.235294","USDT","4510.00","RUB","93.5","T-Bank (Tinkoff)","2024-10-01T11:42:19.341263Z","2024-10-01T11:50:38.315732Z"
"AB-00865963","PURCHASE","OB-028116725","BUYER","54.000000","USDT","4750.00","RUB","87.95","SBP","2024-10-01T11:42:47.910829Z","2024-10-01T12:35:31.999722Z"
"AS-00893805","SALE","OS-028117059","SELLER","53.208556","USDT","4975.00","RUB","93.5","SBP","2024-10-01T11:44:56.610855Z","2024-10-01T11:48:03.783448Z"
"AS-01248787","SALE","OS-028117327","SELLER","7.433789954","TON","4070.00","RUB","547.5","SBP","2024-10-01T11:46:52.747324Z","2024-10-01T11:50:38.328876Z"
"AB-00957687","PURCHASE","OB-028117365","BUYER","25.749058","USDT","2168.82","RUB","84.22911669742790832","Sberbank","2024-10-01T11:47:23.430205Z","2024-10-01T12:08:09.706957Z"
"AS-00893805","SALE","OS-028118718","SELLER","48.021390","USDT","4490.00","RUB","93.5","SBP","2024-10-01T11:55:41.513733Z","2024-10-01T11:59:54.672834Z"
"AB-01062527","PURCHASE","OB-028118968","BUYER","6.866023232","TON","3453.61","RUB","503","SBP","2024-10-01T11:57:03.785575Z","2024-10-01T12:07:24.969679Z"
"AS-00893805","SALE","OS-028119757","SELLER","23.208556","USDT","2170.00","RUB","93.5","SBP","2024-10-01T12:01:59.584632Z","2024-10-01T12:08:09.696369Z"
"AB-00865963","PURCHASE","OB-028119782","BUYER","55.876229","USDT","4915.00","RUB","87.95","SBP","2024-10-01T12:01:43.468207Z","2024-10-01T12:15:46.604362Z"
"AS-01248787","SALE","OS-028119831","SELLER","6.319634703","TON","3460.00","RUB","547.5","SBP","2024-10-01T12:02:28.167778Z","2024-10-01T12:07:54.504359Z"
"AS-00663090","SALE","OS-028120586","SELLER","50.802139","USDT","4750.00","RUB","93.5","SBP","2024-10-01T12:06:40.509403Z","2024-10-01T12:09:51.053169Z"
"AB-00957687","PURCHASE","OB-028120799","BUYER","144.947221","USDT","12207.42","RUB","84.2197847861897118","SBP","2024-10-01T12:10:34.183236Z","2024-10-01T12:37:15.462396Z"
"AS-00893805","SALE","OS-028121112","SELLER","52.566844","USDT","4915.00","RUB","93.5","SBP","2024-10-01T12:10:41.522477Z","2024-10-01T12:16:01.378579Z"
"AS-01381290","SALE","OS-028121234","SELLER","2750.000000000","HMSTR","1430.00","RUB","0.52","Sberbank","2024-10-01T12:10:48.152859Z","2024-10-01T12:15:32.203365Z"
"AB-00865963","PURCHASE","OB-028121807","BUYER","47.571853","USDT","4184.00","RUB","87.95","T-Bank (Tinkoff)","2024-10-01T12:13:55.614611Z","2024-10-01T12:24:58.315712Z"
"AB-01062527","PURCHASE","OB-028122194","BUYER","5.059494672","TON","2544.93","RUB","503","SBP","2024-10-01T12:16:40.217981Z","2024-10-01T12:27:21.313691Z"
"AB-00957687","PURCHASE","OB-028122759","BUYER","100.000000","USDT","8448.46","RUB","84.48457488070663917","SBP","2024-10-01T12:20:19.020318Z","2024-10-01T12:28:20.522765Z"
"AS-00663090","SALE","OS-028123035","SELLER","44.812834","USDT","4190.00","RUB","93.5","T-Bank (Tinkoff)","2024-10-01T12:22:00.933177Z","2024-10-01T12:25:29.922784Z"
"AS-01248787","SALE","OS-028123184","SELLER","4.700460829","TON","2550.00","RUB","542.5","SBP","2024-10-01T12:23:01.821524Z","2024-10-01T12:28:05.553505Z"
"AS-00663090","SALE","OS-028123654","SELLER","90.374331","USDT","8450.00","RUB","93.5","SBP","2024-10-01T12:26:03.814742Z","2024-10-01T12:28:49.874872Z"
"AS-00893805","SALE","OS-028123685","SELLER","130.588235","USDT","12210.00","RUB","93.5","SBP","2024-10-01T12:26:21.747540Z","2024-10-01T12:37:01.383379Z"
"AB-00957687","PURCHASE","OB-028124085","BUYER","26.674393","USDT","2253.52","RUB","84.48258325949105211","Sberbank","2024-10-01T12:28:47.854250Z","2024-10-01T12:45:51.652355Z"
"AB-00957687","PURCHASE","OB-028124367","BUYER","31.436669","USDT","2655.65","RUB","84.47619634864134633","T-Bank (Tinkoff)","2024-10-01T12:30:33.325282Z","2024-10-01T12:51:37.380725Z"
"AB-00957687","PURCHASE","OB-028124666","BUYER","53.339940","USDT","4506.33","RUB","84.48320511417180546","SBP","2024-10-01T12:33:05.033208Z","2024-10-01T12:53:23.835321Z"
"AS-00893805","SALE","OS-028126413","SELLER","28.449197","USDT","2660.00","RUB","93.5","T-Bank (Tinkoff)","2024-10-01T12:42:16.338581Z","2024-10-01T12:53:39.189562Z"
"AS-00663090","SALE","OS-028126428","SELLER","24.171122","USDT","2260.00","RUB","93.5","SBP","2024-10-01T12:42:16.198206Z","2024-10-01T12:46:24.421525Z"
"AS-00893805","SALE","OS-028127280","SELLER","48.235294","USDT","4510.00","RUB","93.5","SBP","2024-10-01T12:47:49.415261Z","2024-10-01T12:53:39.037552Z"
"AB-00957687","PURCHASE","OB-028127364","BUYER","23.785926","USDT","2009.54","RUB","84.48433668089313318","Alfa-Bank","2024-10-01T12:49:31.017494Z","2024-10-01T13:05:49.651427Z"
"AB-00896347","PURCHASE","OB-028127407","BUYER","0.00092269","BTC","5120.93","RUB","5550000","Sberbank","2024-10-01T12:48:25.785015Z","2024-10-01T13:23:13.219056Z"
"AB-00865963","PURCHASE","OB-028127685","BUYER","64.943904","USDT","5712.00","RUB","87.95","T-Bank (Tinkoff)","2024-10-01T12:50:19.264403Z","2024-10-01T13:03:23.927966Z"
"AB-00957687","PURCHASE","OB-028127870","BUYER","24.780000","USDT","2093.52","RUB","84.48436819440857673","Sberbank","2024-10-01T12:51:03.765982Z","2024-10-01T13:04:08.630787Z"
"AS-00893805","SALE","OS-028128819","SELLER","21.497326","USDT","2010.00","RUB","93.5","SBP","2024-10-01T12:56:37.219180Z","2024-10-01T13:07:02.725782Z"
"AS-00893805","SALE","OS-028129217","SELLER","22.459893","USDT","2100.00","RUB","93.5","Sberbank","2024-10-01T12:58:56.710673Z","2024-10-01T13:04:51.955494Z"
"AS-00663090","SALE","OS-028129416","SELLER","61.122994","USDT","5715.00","RUB","93.5","T-Bank (Tinkoff)","2024-10-01T13:00:11.332826Z","2024-10-01T13:03:38.951389Z"
"AB-01062527","PURCHASE","OB-028131910","BUYER","5.400000000","TON","2716.20","RUB","503","SBP","2024-10-01T13:15:01.188890Z","2024-10-01T13:23:42.731346Z"
"AS-00894062","SALE","OS-028132502","SELLER","0.00086050","BTC","5120.00","RUB","5950000","Sberbank","2024-10-01T13:18:15.848594Z","2024-10-01T13:23:42.724355Z"
"AB-00865963","PURCHASE","OB-028132570","BUYER","106.214074","USDT","9342.00","RUB","87.95","T-Bank (Tinkoff)","2024-10-01T13:18:50.222112Z","2024-10-01T13:28:21.594287Z"
"AS-01248787","SALE","OS-028132571","SELLER","5.013824884","TON","2720.00","RUB","542.5","SBP","2024-10-01T13:18:55.553372Z","2024-10-01T13:23:59.933046Z"
"AS-00893805","SALE","OS-028133530","SELLER","100.000000","USDT","9350.00","RUB","93.5","T-Bank (Tinkoff)","2024-10-01T13:25:03.453658Z","2024-10-01T13:28:36.438015Z"
"AB-01381038","PURCHASE","OB-028133620","BUYER","9949.454900000","HMSTR","4400.85","RUB","0.4423210574801213484","SBP","2024-10-01T13:24:53.901507Z","2024-10-01T14:37:10.550964Z"
"AB-00865963","PURCHASE","OB-028136607","BUYER","46.003147","USDT","4046.00","RUB","87.95","SBP","2024-10-01T13:41:18.974669Z","2024-10-01T13:57:08.058746Z"
"AB-00865963","PURCHASE","OB-028136835","BUYER","49.554013","USDT","4359.00","RUB","87.95","T-Bank (Tinkoff)","2024-10-01T13:42:30.015761Z","2024-10-01T14:04:59.162258Z"
"AS-00893805","SALE","OS-028138708","SELLER","43.315508","USDT","4050.00","RUB","93.5","SBP","2024-10-01T13:50:48.124953Z","2024-10-01T13:57:38.082882Z"
"AB-00896347","PURCHASE","OB-028138817","BUYER","0.00108000","BTC","5994.00","RUB","5550000","T-Bank (Tinkoff)","2024-10-01T13:51:05.249787Z","2024-10-02T11:40:19.244551Z"
"AB-00957687","PURCHASE","OB-028139093","BUYER","24.281466","USDT","2063.01","RUB","84.96224449363627857","Sberbank","2024-10-01T13:52:46.095424Z","2024-10-01T14:14:37.095486Z"
"AS-00663090","SALE","OS-028140384","SELLER","46.631016","USDT","4360.00","RUB","93.5","T-Bank (Tinkoff)","2024-10-01T13:59:45.682197Z","2024-10-01T14:05:29.218443Z"
"AB-00865963","PURCHASE","OB-028140463","BUYER","74.094628","USDT","6517.00","RUB","87.95","T-Bank (Tinkoff)","2024-10-01T14:00:44.212582Z","2024-10-01T14:19:03.658459Z"
"AS-00663090","SALE","OS-028140986","SELLER","22.139037","USDT","2070.00","RUB","93.5","Sberbank","2024-10-01T14:02:16.459029Z","2024-10-01T14:14:51.788778Z"
"AB-00896347","PURCHASE","OB-028142184","BUYER","0.00165486","BTC","9184.52","RUB","5550000","Sberbank","2024-10-01T14:09:00.334035Z","2024-10-01T14:38:05.098772Z"
"AS-00663090","SALE","OS-028142497","SELLER","69.732620","USDT","6520.00","RUB","93.5","T-Bank (Tinkoff)","2024-10-01T14:09:27.345891Z","2024-10-01T14:20:05.906002Z"
"AB-00865963","PURCHASE","OB-028143883","BUYER","52.456370","USDT","4614.00","RUB","87.95","T-Bank (Tinkoff)","2024-10-01T14:17:27.139416Z","2024-10-01T14:32:10.768747Z"
"AB-00957687","PURCHASE","OB-028145386","BUYER","27.830023","USDT","2365.41","RUB","84.99487934171835819","T-Bank (Tinkoff)","2024-10-01T14:25:56.196826Z","2024-10-01T14:41:46.999190Z"
"AB-00957687","PURCHASE","OB-028145388","BUYER","25.000000","USDT","2124.87","RUB","84.99487934171835819","T-Bank (Tinkoff)","2024-10-01T14:26:02.711971Z","2024-10-01T15:01:27.254146Z"
"AB-00957687","PURCHASE","OB-028145560","BUYER","24.727446","USDT","2100.00","RUB","84.92587433637282162","T-Bank (Tinkoff)","2024-10-01T14:26:48.127529Z","2024-10-01T15:08:12.278032Z"
"AS-00663134","SALE","OS-028145647","SELLER","0.00154621","BTC","9200.00","RUB","5950000","Sberbank","2024-10-01T14:27:14.055873Z","2024-10-01T14:40:58.506734Z"
"AS-00893805","SALE","OS-028145700","SELLER","49.358288","USDT","4615.00","RUB","93.5","T-Bank (Tinkoff)","2024-10-01T14:27:26.436301Z","2024-10-01T14:42:19.185944Z"
"AB-00957687","PURCHASE","OB-028146219","BUYER","31.714569","USDT","2697.18","RUB","85.04556138646014474","SBP","2024-10-01T14:30:21.573647Z","2024-10-01T15:18:13.266102Z"
"AB-00957687","PURCHASE","OB-028146379","BUYER","27.190279","USDT","2312.37","RUB","85.04384158112951367","SBP","2024-10-01T14:31:32.381403Z","2024-10-01T20:38:16.269033Z"
"AS-01381290","SALE","OS-028146398","SELLER","8853.118712273","HMSTR","4400.00","RUB","0.497","SBP","2024-10-01T14:31:24.731081Z","2024-10-01T14:40:58.519872Z"
"AB-00957687","PURCHASE","OB-028146607","BUYER","34.246184","USDT","2912.72","RUB","85.05237110969780397","SBP","2024-10-01T14:32:41.511379Z","2024-10-01T15:14:39.920656Z"
"AB-00957687","PURCHASE","OB-028146730","BUYER","27.372348","USDT","2328.16","RUB","85.05519903842155335","SBP","2024-10-01T14:33:14.101918Z","2024-10-01T15:40:58.982471Z"
"AB-00957687","PURCHASE","OB-028146761","BUYER","24.000000","USDT","2041.32","RUB","85.05519903842155335","Sberbank","2024-10-01T14:33:54.777230Z","2024-10-01T15:34:04.290551Z"
"AB-00957687","PURCHASE","OB-028146916","BUYER","24.777007","USDT","2107.41","RUB","85.05519903842155335","T-Bank (Tinkoff)","2024-10-01T14:34:07.491930Z","2024-10-01T15:38:38.630630Z"
"AS-00893805","SALE","OS-028147010","SELLER","25.294117","USDT","2365.00","RUB","93.5","SBP","2024-10-01T14:34:41.033338Z","2024-10-01T14:42:18.908563Z"
"AB-00896347","PURCHASE","OB-028148105","BUYER","0.00123055","BTC","6829.55","RUB","5550000","SBP","2024-10-01T14:40:56.112215Z","2024-10-01T15:09:00.520705Z"
"AS-00663090","SALE","OS-028150575","SELLER","22.459893","USDT","2100.00","RUB","93.5","SBP","2024-10-01T14:53:22.490794Z","2024-10-01T15:00:38.153109Z"
"AS-00893805","SALE","OS-028150738","SELLER","22.780748","USDT","2130.00","RUB","93.5","SBP","2024-10-01T14:54:17.416059Z","2024-10-01T15:01:12.989138Z"
"AS-00894062","SALE","OS-028151068","SELLER","0.00101694","BTC","6000.00","RUB","5900000","T-Bank (Tinkoff)","2024-10-01T14:56:23.644997Z","2024-10-01T15:02:25.570181Z"
"AS-00663134","SALE","OS-028152213","SELLER","0.00115762","BTC","6830.00","RUB","5900000","SBP","2024-10-01T15:02:44.617499Z","2024-10-01T15:09:46.960071Z"
"AS-00893805","SALE","OS-028154636","SELLER","28.877005","USDT","2700.00","RUB","93.5","SBP","2024-10-01T15:12:44.433544Z","2024-10-01T15:18:28.375132Z"
"AS-00663090","SALE","OS-028155189","SELLER","24.759358","USDT","2315.00","RUB","93.5","SBP","2024-10-01T15:14:36.294261Z","2024-10-01T15:37:53.766483Z"
"AS-00893805","SALE","OS-028156108","SELLER","24.919786","USDT","2330.00","RUB","93.5","SBP","2024-10-01T15:19:11.401717Z","2024-10-01T15:31:42.436055Z"
"AB-00896347","PURCHASE","OB-028156694","BUYER","0.00090090","BTC","5000.00","RUB","5550000","SBP","2024-10-01T15:21:31.620028Z","2024-10-01T15:34:04.292456Z"
"AS-00894062","SALE","OS-028158032","SELLER","0.00084745","BTC","5000.00","RUB","5900000","SBP","2024-10-01T15:27:54.664306Z","2024-10-01T15:34:51.101358Z"
"AS-00663090","SALE","OS-028158132","SELLER","21.925133","USDT","2050.00","RUB","93.5","SBP","2024-10-01T15:28:27.048037Z","2024-10-01T15:34:51.093689Z"
"AS-00893805","SALE","OS-028159336","SELLER","22.566844","USDT","2110.00","RUB","93.5","T-Bank (Tinkoff)","2024-10-01T15:34:45.899459Z","2024-10-01T15:39:42.044121Z"
"AB-00957687","PURCHASE","OB-028167047","BUYER","47.000000","USDT","4070.20","RUB","86.6","SBP","2024-10-01T16:17:44.828454Z","2024-10-01T16:25:24.699442Z"
"AB-00896347","PURCHASE","OB-028167139","BUYER","0.00166980","BTC","9267.44","RUB","5550000","Sberbank","2024-10-01T16:18:37.814575Z","2024-10-01T20:37:17.690983Z"
"AB-00957687","PURCHASE","OB-028167352","BUYER","51.150497","USDT","4429.63","RUB","86.6","Alfa-Bank","2024-10-01T16:19:53.774117Z","2024-10-01T16:28:24.223451Z"
"AS-00893805","SALE","OS-028167439","SELLER","43.529411","USDT","4070.00","RUB","93.5","SBP","2024-10-01T16:20:14.790566Z","2024-10-01T16:25:07.652506Z"
"AB-00957687","PURCHASE","OB-028167727","BUYER","49.911431","USDT","4322.33","RUB","86.6","SBP","2024-10-01T16:22:01.844427Z","2024-10-01T16:37:10.920367Z"
"AS-00893805","SALE","OS-028168154","SELLER","47.379679","USDT","4430.00","RUB","93.5","SBP","2024-10-01T16:24:41.108112Z","2024-10-01T16:29:38.928376Z"
"AS-00893805","SALE","OS-028168965","SELLER","46.310160","USDT","4330.00","RUB","93.5","SBP","2024-10-01T16:30:00.310339Z","2024-10-01T16:37:42.244194Z"
"AB-00896347","PURCHASE","OB-028169591","BUYER","0.00177767","BTC","9866.07","RUB","5550000","SBP","2024-10-01T16:33:50.246646Z","2024-10-01T17:54:00.869664Z"
"AB-00957687","PURCHASE","OB-028170373","BUYER","48.498845","USDT","4200.00","RUB","86.6","T-Bank (Tinkoff)","2024-10-01T16:38:38.472437Z","2024-10-01T16:46:15.087800Z"
"AS-00893805","SALE","OS-028170988","SELLER","44.919786","USDT","4200.00","RUB","93.5","T-Bank (Tinkoff)","2024-10-01T16:42:20.110081Z","2024-10-01T16:46:29.855742Z"
"AB-00896347","PURCHASE","OB-028171506","BUYER","0.00153762","BTC","8533.79","RUB","5550000","T-Bank (Tinkoff)","2024-10-01T16:45:14.809176Z","2024-10-01T18:22:39.271093Z"
"AS-00894062","SALE","OS-028180696","SELLER","0.00157118","BTC","9270.00","RUB","5900000","SBP","2024-10-01T17:39:23.718051Z","2024-10-01T17:45:19.704519Z"
"AS-00663134","SALE","OS-028180730","SELLER","0.00167796","BTC","9900.00","RUB","5900000","SBP","2024-10-01T17:39:18.295475Z","2024-10-01T17:54:17.903665Z"
"AS-00663134","SALE","OS-028184026","SELLER","0.00144745","BTC","8540.00","RUB","5900000","SBP","2024-10-01T17:59:13.020644Z","2024-10-01T18:12:19.645098Z"
"AB-00957687","PURCHASE","OB-028193073","BUYER","79.286423","USDT","7085.03","RUB","89.36","SBP","2024-10-01T19:02:04.868554Z","2024-10-01T19:35:20.767356Z"
"AS-00893805","SALE","OS-028196468","SELLER","75.172413","USDT","7085.00","RUB","94.25","SBP","2024-10-01T19:30:22.174819Z","2024-10-01T19:35:35.554772Z"
"AB-00957687","PURCHASE","OB-028199566","BUYER","59.117949","USDT","5282.78","RUB","89.36","Alfa-Bank","2024-10-01T20:00:02.572933Z","2024-10-01T20:27:56.035101Z"
"AS-00893805","SALE","OS-028200948","SELLER","55.978835","USDT","5290.00","RUB","94.5","Alfa-Bank","2024-10-01T20:16:28.680039Z","2024-10-01T20:28:10.542609Z"
"AB-00957687","PURCHASE","OB-028243238","BUYER","54.000000","USDT","4719.60","RUB","87.4","SBP","2024-10-02T08:22:32.230119Z","2024-10-02T08:47:45.939927Z"
"AS-00893805","SALE","OS-028244010","SELLER","49.815303","USDT","4720.00","RUB","94.75","SBP","2024-10-02T08:28:42.888821Z","2024-10-02T08:48:15.191154Z"
"AB-00957687","PURCHASE","OB-028245104","BUYER","49.554014","USDT","4331.02","RUB","87.4","SBP","2024-10-02T08:36:08.545597Z","2024-10-02T09:23:03.855874Z"
"AB-00957687","PURCHASE","OB-028245481","BUYER","49.554014","USDT","4331.02","RUB","87.4","T-Bank (Tinkoff)","2024-10-02T08:39:34.418428Z","2024-10-02T09:05:06.465095Z"
"AS-00663090","SALE","OS-028248031","SELLER","45.804749","USDT","4340.00","RUB","94.75","T-Bank (Tinkoff)","2024-10-02T09:01:09.841032Z","2024-10-02T09:05:21.443653Z"
"AS-00893805","SALE","OS-028248229","SELLER","45.804749","USDT","4340.00","RUB","94.75","SBP","2024-10-02T09:02:50.988587Z","2024-10-02T09:11:48.633460Z"
"AB-00865963","PURCHASE","OB-028250406","BUYER","55.278623","USDT","4708.00","RUB","85.15937065915475361","Sberbank","2024-10-02T09:22:38.178849Z","2024-10-02T09:42:28.210549Z"
"AS-00893805","SALE","OS-028252172","SELLER","49.973474","USDT","4710.00","RUB","94.25","SBP","2024-10-02T09:38:37.466152Z","2024-10-02T09:43:29.084671Z"
"AB-00896347","PURCHASE","OB-028252602","BUYER","0.00159796","BTC","8628.98","RUB","5400000","SBP","2024-10-02T09:42:07.110817Z","2024-10-02T10:48:56.011586Z"
"AB-00957687","PURCHASE","OB-028253599","BUYER","46.529579","USDT","4099.26","RUB","88.1","SBP","2024-10-02T09:49:57.296828Z","2024-10-02T10:54:21.727210Z"
"AB-00957687","PURCHASE","OB-028253787","BUYER","50.993777","USDT","4492.55","RUB","88.1","Sberbank","2024-10-02T09:51:40.798511Z","2024-10-02T10:03:28.090108Z"
"AS-00893805","SALE","OS-028254261","SELLER","47.745358","USDT","4500.00","RUB","94.25","Sberbank","2024-10-02T09:54:26.566908Z","2024-10-02T10:00:18.361825Z"
"AB-00957687","PURCHASE","OB-028254422","BUYER","52.255556","USDT","4603.71","RUB","88.1","SBP","2024-10-02T09:55:16.014775Z","2024-10-02T10:07:03.957124Z"
"AS-00893805","SALE","OS-028254988","SELLER","48.912466","USDT","4610.00","RUB","94.25","SBP","2024-10-02T10:00:05.194130Z","2024-10-02T10:07:18.794015Z"
"AB-00957687","PURCHASE","OB-028255613","BUYER","50.688831","USDT","4465.69","RUB","88.1","SBP","2024-10-02T10:02:34.871192Z","2024-10-02T10:18:40.859868Z"
"AB-00957687","PURCHASE","OB-028256623","BUYER","51.078320","USDT","4500.00","RUB","88.1","T-Bank (Tinkoff)","2024-10-02T10:08:45.571660Z","2024-10-02T10:28:38.750210Z"
"AS-00663090","SALE","OS-028257343","SELLER","47.052631","USDT","4470.00","RUB","95","SBP","2024-10-02T10:14:39.654857Z","2024-10-02T10:19:41.478613Z"
"AS-00663090","SALE","OS-028258603","SELLER","47.368421","USDT","4500.00","RUB","95","T-Bank (Tinkoff)","2024-10-02T10:25:28.815749Z","2024-10-02T10:30:43.630229Z"
"AB-00957687","PURCHASE","OB-028258890","BUYER","45.614568","USDT","4018.64","RUB","88.1","SBP","2024-10-02T10:28:06.532892Z","2024-10-02T10:45:46.679922Z"
"AB-00896347","PURCHASE","OB-028258905","BUYER","0.00107725","BTC","5817.15","RUB","5400000","Sberbank","2024-10-02T10:28:11.456282Z","2024-10-02T10:51:46.900125Z"
"AS-00894062","SALE","OS-028260213","SELLER","0.00148154","BTC","8630.00","RUB","5825000","SBP","2024-10-02T10:39:10.153021Z","2024-10-02T10:48:56.002915Z"
"AS-00893805","SALE","OS-028260476","SELLER","43.501326","USDT","4100.00","RUB","94.25","SBP","2024-10-02T10:40:20.089572Z","2024-10-02T10:51:15.078595Z"
"AS-00663090","SALE","OS-028260754","SELLER","42.652519","USDT","4020.00","RUB","94.25","SBP","2024-10-02T10:42:22.088593Z","2024-10-02T10:47:36.692072Z"
"AS-00663134","SALE","OS-028260788","SELLER","0.00099914","BTC","5820.00","RUB","5825000","Sberbank","2024-10-02T10:42:38.019554Z","2024-10-02T10:54:21.724692Z"
"AB-00896347","PURCHASE","OB-028261974","BUYER","0.00155948","BTC","8421.24","RUB","5400000","SBP","2024-10-02T10:53:09.577041Z","2024-10-02T11:03:08.382670Z"
"AB-00896347","PURCHASE","OB-028262429","BUYER","0.00185455","BTC","10014.57","RUB","5400000","SBP","2024-10-02T10:56:58.181918Z","2024-10-02T11:12:03.539005Z"
"AS-00894062","SALE","OS-028262595","SELLER","0.00144721","BTC","8430.00","RUB","5825000","SBP","2024-10-02T10:58:32.641919Z","2024-10-02T11:03:23.083624Z"
"AS-00893805","SALE","OS-028262974","SELLER","52.219321","USDT","5000.00","RUB","95.75","SBP","2024-10-02T11:01:52.509610Z","2024-10-02T11:06:24.888139Z"
"AS-00893805","SALE","OS-028263347","SELLER","31.578947","USDT","3000.00","RUB","95","SBP","2024-10-02T11:04:32.352577Z","2024-10-02T11:09:32.391892Z"
"AS-00663134","SALE","OS-028263401","SELLER","0.00172017","BTC","10020.00","RUB","5825000","SBP","2024-10-02T11:05:19.321023Z","2024-10-02T11:12:18.444700Z"
"AS-00893805","SALE","OS-028264396","SELLER","42.553191","USDT","4000.00","RUB","94","SBP","2024-10-02T11:11:53.162991Z","2024-10-02T11:18:36.726394Z"
"AB-00896347","PURCHASE","OB-028265030","BUYER","0.00094444","BTC","5100.00","RUB","5400000","SBP","2024-10-02T11:16:30.966269Z","2024-10-02T12:28:36.898660Z"
"AB-00896347","PURCHASE","OB-028267882","BUYER","0.00089995","BTC","4859.78","RUB","5400000","SBP","2024-10-02T11:38:10.021657Z","2024-10-02T11:52:51.245679Z"
"AB-00896347","PURCHASE","OB-028268839","BUYER","0.00074074","BTC","4000.00","RUB","5400000","SBP","2024-10-02T11:46:18.254596Z","2024-10-02T12:27:52.630939Z"
"AS-00663134","SALE","OS-028268987","SELLER","0.00083433","BTC","4860.00","RUB","5825000","SBP","2024-10-02T11:46:56.531403Z","2024-10-02T11:52:06.928174Z"
"AB-00896347","PURCHASE","OB-028269793","BUYER","0.00086966","BTC","4696.16","RUB","5400000","SBP","2024-10-02T11:54:46.595233Z","2024-10-02T12:20:11.105992Z"
"AS-00894062","SALE","OS-028271489","SELLER","0.00087553","BTC","5100.00","RUB","5825000","SBP","2024-10-02T12:10:34.059815Z","2024-10-02T12:16:58.471025Z"
"AB-00896347","PURCHASE","OB-028271985","BUYER","0.00113974","BTC","6154.60","RUB","5400000","Sberbank","2024-10-02T12:14:37.880717Z","2024-10-02T12:27:08.489685Z"
"AS-00894062","SALE","OS-028272241","SELLER","0.00081385","BTC","4700.00","RUB","5775000","SBP","2024-10-02T12:16:54.592083Z","2024-10-02T12:20:40.605070Z"
"AS-00663134","SALE","OS-028272439","SELLER","0.00069264","BTC","4000.00","RUB","5775000","SBP","2024-10-02T12:18:44.455964Z","2024-10-02T12:27:52.627374Z"
"AS-00894062","SALE","OS-028272744","SELLER","0.00106666","BTC","6160.00","RUB","5775000","SBP","2024-10-02T12:21:26.955497Z","2024-10-02T12:27:23.665154Z"
"AS-00893805","SALE","OS-028285159","SELLER","52.631578","USDT","5000.00","RUB","95","SBP","2024-10-02T14:08:33.987882Z","2024-10-02T14:22:54.126953Z"
"AS-00893805","SALE","OS-028285759","SELLER","52.631578","USDT","5000.00","RUB","95","SBP","2024-10-02T14:13:14.806807Z","2024-10-02T14:16:54.710185Z"
"AS-00893805","SALE","OS-028286480","SELLER","15.957446","USDT","1500.00","RUB","94","SBP","2024-10-02T14:19:06.675790Z","2024-10-02T14:22:07.326126Z"
"AB-00957687","PURCHASE","OB-028287808","BUYER","50.806441","USDT","4470.97","RUB","88","SBP","2024-10-02T14:30:57.492522Z","2024-10-02T14:53:53.311848Z"
"AB-00896347","PURCHASE","OB-028288702","BUYER","0.00050544","BTC","2646.32","RUB","5235577.710341754888","T-Bank (Tinkoff)","2024-10-02T14:38:54.233731Z","2024-10-02T15:05:12.572284Z"
"AS-00893805","SALE","OS-028289269","SELLER","46.953781","USDT","4470.00","RUB","95.2","SBP","2024-10-02T14:44:56.165295Z","2024-10-02T14:56:01.936722Z"
"AS-00894062","SALE","OS-028290330","SELLER","0.00045106","BTC","2650.00","RUB","5875000","SBP","2024-10-02T14:53:52.120148Z","2024-10-02T15:05:57.539595Z"
"AB-00957687","PURCHASE","OB-028292387","BUYER","53.518335","USDT","4714.97","RUB","88.1","T-Bank (Tinkoff)","2024-10-02T15:10:08.975392Z","2024-10-02T15:25:00.092900Z"
"AS-00893805","SALE","OS-028293814","SELLER","49.114583","USDT","4715.00","RUB","96","T-Bank (Tinkoff)","2024-10-02T15:21:54.129770Z","2024-10-02T15:25:17.206317Z"
"AB-00957687","PURCHASE","OB-028295717","BUYER","59.824876","USDT","5273.56","RUB","88.15","Sberbank","2024-10-02T15:38:13.033551Z","2024-10-02T16:20:59.882345Z"
"AB-00957687","PURCHASE","OB-028295743","BUYER","51.616562","USDT","4550.00","RUB","88.15","Sberbank","2024-10-02T15:38:47.155143Z","2024-10-02T16:48:39.525131Z"
"AB-00957687","PURCHASE","OB-028297328","BUYER","55.599713","USDT","4901.11","RUB","88.15","T-Bank (Tinkoff)","2024-10-02T15:52:19.223764Z","2024-10-02T18:15:56.777880Z"
"AB-00957687","PURCHASE","OB-028298357","BUYER","49.731219","USDT","4383.81","RUB","88.15","Alfa-Bank","2024-10-02T16:01:53.698683Z","2024-10-02T18:07:28.601224Z"
"AS-00893805","SALE","OS-028298490","SELLER","54.953641","USDT","5275.00","RUB","95.99","Sberbank","2024-10-02T16:02:48.743339Z","2024-10-02T16:07:08.936530Z"
"AB-00957687","PURCHASE","OB-028301200","BUYER","46.850842","USDT","4129.90","RUB","88.15","T-Bank (Tinkoff)","2024-10-02T16:26:22.113541Z","2024-10-02T17:47:39.297645Z"
"AB-00957687","PURCHASE","OB-028302171","BUYER","49.583746","USDT","4370.81","RUB","88.15","SBP","2024-10-02T16:35:16.429631Z","2024-10-02T17:55:28.379143Z"
"AS-00663090","SALE","OS-028303179","SELLER","47.400770","USDT","4550.00","RUB","95.99","SBP","2024-10-02T16:43:33.996397Z","2024-10-02T16:46:42.566681Z"
"AB-00896347","PURCHASE","OB-028305513","BUYER","0.00101077","BTC","5336.60","RUB","5279736.495578204853","T-Bank (Tinkoff)","2024-10-02T17:03:09.171839Z","2024-10-02T18:02:32.224451Z"
"AS-00663090","SALE","OS-028308486","SELLER","46.210526","USDT","4390.00","RUB","95","SBP","2024-10-02T17:26:41.968960Z","2024-10-02T17:34:28.425817Z"
"AS-00663090","SALE","OS-028309697","SELLER","43.473684","USDT","4130.00","RUB","95","SBP","2024-10-02T17:37:56.344508Z","2024-10-02T17:45:36.949110Z"
"AS-00663090","SALE","OS-028310825","SELLER","46.000000","USDT","4370.00","RUB","95","SBP","2024-10-02T17:49:05.447071Z","2024-10-02T17:55:57.117958Z"
"AB-00865963","PURCHASE","OB-028311455","BUYER","26.061185","USDT","2226.00","RUB","85.39404457505322627","SBP","2024-10-02T17:54:57.194322Z","2024-10-02T18:19:54.540230Z"
"AS-00894062","SALE","OS-028311945","SELLER","0.00091297","BTC","5340.00","RUB","5849000","SBP","2024-10-02T17:58:30.316165Z","2024-10-02T18:03:01.139935Z"
"AS-00893805","SALE","OS-028312807","SELLER","51.684210","USDT","4910.00","RUB","95","SBP","2024-10-02T18:07:10.167826Z","2024-10-02T18:15:42.388269Z"
"AB-00896347","PURCHASE","OB-028313236","BUYER","0.00049648","BTC","2605.67","RUB","5248286.038868268285","T-Bank (Tinkoff)","2024-10-02T18:11:49.918535Z","2024-10-02T18:20:42.833760Z"
"AS-00662954","SALE","OS-028313522","SELLER","23.473684","USDT","2230.00","RUB","95","SBP","2024-10-02T18:14:21.695888Z","2024-10-02T18:20:09.562953Z"
"AS-00894062","SALE","OS-028313860","SELLER","0.00044623","BTC","2610.00","RUB","5849000","SBP","2024-10-02T18:17:39.668769Z","2024-10-02T18:20:42.828581Z"
"AB-00865963","PURCHASE","OB-028314280","BUYER","25.610703","USDT","2188.00","RUB","85.39991683411283928","T-Bank (Tinkoff)","2024-10-02T18:21:44.472421Z","2024-10-02T18:30:14.484182Z"
"AS-00662954","SALE","OS-028314639","SELLER","23.052631","USDT","2190.00","RUB","95","SBP","2024-10-02T18:25:25.919231Z","2024-10-02T18:30:28.920692Z"
"AB-00865963","PURCHASE","OB-028328240","BUYER","27.789197","USDT","2392.00","RUB","86.0677874517216267","Sberbank","2024-10-02T21:40:44.019639Z","2024-10-02T22:05:43.119746Z"
"AS-00662954","SALE","OS-028329127","SELLER","25.289778","USDT","2400.00","RUB","94.9","Sberbank","2024-10-02T22:01:29.418304Z","2024-10-02T22:05:57.387584Z"
"AB-00957687","PURCHASE","OB-028356815","BUYER","34.647869","USDT","3017.83","RUB","87.1","T-Bank (Tinkoff)","2024-10-03T08:00:40.557345Z","2024-10-03T08:32:16.193916Z"
"AB-01062527","PURCHASE","OB-028357694","BUYER","4.737347826","TON","2179.18","RUB","460","SBP","2024-10-03T08:11:44.690499Z","2024-10-03T08:21:34.486773Z"
"AS-01248787","SALE","OS-028358706","SELLER","4.295566502","TON","2180.00","RUB","507.5","SBP","2024-10-03T08:17:27.769672Z","2024-10-03T08:21:51.210540Z"
"AB-00865963","PURCHASE","OB-028358963","BUYER","42.561106","USDT","3652.00","RUB","85.80181073849726697","SBP","2024-10-03T08:20:53.365870Z","2024-10-03T08:55:24.136376Z"
"AB-00957687","PURCHASE","OB-028359261","BUYER","30.176313","USDT","2628.36","RUB","87.1","T-Bank (Tinkoff)","2024-10-03T08:23:03.760128Z","2024-10-03T09:12:59.057243Z"
"AB-00865963","PURCHASE","OB-028359324","BUYER","55.500496","USDT","4763.00","RUB","85.80584717763112269","Sberbank","2024-10-03T08:23:31.279272Z","2024-10-03T09:51:38.611643Z"
"AS-00662954","SALE","OS-028359401","SELLER","31.461610","USDT","3020.00","RUB","95.99","T-Bank (Tinkoff)","2024-10-03T08:24:26.811543Z","2024-10-03T08:32:46.317423Z"
"AB-00957687","PURCHASE","OB-028359616","BUYER","32.705649","USDT","2848.66","RUB","87.1","Sberbank","2024-10-03T08:26:05.950383Z","2024-10-03T09:23:36.534365Z"
"AB-00892344","PURCHASE","OB-028360724","BUYER","0.00147363","BTC","7913.44","RUB","5370000","T-Bank (Tinkoff)","2024-10-03T08:37:05.433311Z","2024-10-03T10:14:52.345105Z"
"AB-01062527","PURCHASE","OB-028360726","BUYER","5.544892802","TON","2561.74","RUB","462","SBP","2024-10-03T08:37:22.878084Z","2024-10-03T09:01:38.697345Z"
"AB-00892344","PURCHASE","OB-028360928","BUYER","0.00161546","BTC","8675.02","RUB","5370000","Sberbank","2024-10-03T08:38:57.149318Z","2024-10-03T09:29:32.302171Z"
"AB-00896347","PURCHASE","OB-028361174","BUYER","0.00080175","BTC","4142.38","RUB","5166672.923809684053","Sberbank","2024-10-03T08:41:12.157501Z","2024-10-03T09:07:40.264879Z"
"AS-00662930","SALE","OS-028361549","SELLER","38.224543","USDT","3660.00","RUB","95.75","SBP","2024-10-03T08:45:27.329631Z","2024-10-03T08:54:54.592114Z"
"AS-01248787","SALE","OS-028362303","SELLER","5.014634146","TON","2570.00","RUB","512.5","SBP","2024-10-03T08:50:56.516378Z","2024-10-03T09:01:56.833936Z"
"AS-00663134","SALE","OS-028362897","SELLER","0.00148376","BTC","8680.00","RUB","5850000","Sberbank","2024-10-03T08:56:16.504937Z","2024-10-03T09:03:25.677479Z"
"AS-00663134","SALE","OS-028363579","SELLER","0.00070940","BTC","4150.00","RUB","5850000","SBP","2024-10-03T09:02:48.490930Z","2024-10-03T09:07:58.009462Z"
"AS-00662954","SALE","OS-028364145","SELLER","27.467362","USDT","2630.00","RUB","95.75","SBP","2024-10-03T09:07:52.887571Z","2024-10-03T09:13:14.403520Z"
"AB-00957687","PURCHASE","OB-028365486","BUYER","33.499575","USDT","2917.81","RUB","87.1","T-Bank (Tinkoff)","2024-10-03T09:19:34.043182Z","2024-10-03T09:46:33.555663Z"
"AS-00662954","SALE","OS-028365504","SELLER","29.765013","USDT","2850.00","RUB","95.75","Sberbank","2024-10-03T09:19:41.165301Z","2024-10-03T09:23:21.655942Z"
"AS-00662954","SALE","OS-028366201","SELLER","30.579118","USDT","2920.00","RUB","95.49","SBP","2024-10-03T09:26:03.185771Z","2024-10-03T09:39:48.447158Z"
"AB-00957687","PURCHASE","OB-028367895","BUYER","28.741328","USDT","2503.37","RUB","87.1","T-Bank (Tinkoff)","2024-10-03T09:39:22.103058Z","2024-10-03T09:53:55.776787Z"
"AB-00865963","PURCHASE","OB-028368170","BUYER","28.439715","USDT","2431.00","RUB","85.46513047405583796","Sberbank","2024-10-03T09:42:15.808826Z","2024-10-03T10:00:16.189977Z"
"AB-00957687","PURCHASE","OB-028368185","BUYER","32.111000","USDT","2796.87","RUB","87.1","T-Bank (Tinkoff)","2024-10-03T09:42:20.712349Z","2024-10-03T10:02:02.446806Z"
"AB-00865963","PURCHASE","OB-028368220","BUYER","26.862986","USDT","2296.00","RUB","85.46130767513983284","T-Bank (Tinkoff)","2024-10-03T09:42:59.235415Z","2024-10-03T10:12:13.867595Z"
"AB-00957687","PURCHASE","OB-028368245","BUYER","44.598507","USDT","3884.53","RUB","87.1","SBP","2024-10-03T09:42:58.090205Z","2024-10-03T10:04:31.643554Z"
"AB-00957687","PURCHASE","OB-028368354","BUYER","29.208207","USDT","2544.03","RUB","87.1","Sberbank","2024-10-03T09:43:59.348087Z","2024-10-03T10:15:38.950334Z"
"AS-00662930","SALE","OS-028368547","SELLER","50.210526","USDT","4770.00","RUB","95","SBP","2024-10-03T09:46:31.621579Z","2024-10-03T09:51:53.800746Z"
"AS-00662954","SALE","OS-028368967","SELLER","26.421052","USDT","2510.00","RUB","95","T-Bank (Tinkoff)","2024-10-03T09:49:30.104489Z","2024-10-03T09:54:24.810444Z"
"AB-00865963","PURCHASE","OB-028369024","BUYER","23.351725","USDT","2000.00","RUB","85.64677405228906425","T-Bank (Tinkoff)","2024-10-03T09:49:53.778205Z","2024-10-03T10:17:37.527686Z"
"AS-00894062","SALE","OS-028369307","SELLER","0.00136551","BTC","7920.00","RUB","5799999","SBP","2024-10-03T09:52:35.307354Z","2024-10-03T10:15:07.736322Z"
"AS-00662954","SALE","OS-028369475","SELLER","29.473684","USDT","2800.00","RUB","95","SBP","2024-10-03T09:54:32.922451Z","2024-10-03T10:02:17.434090Z"
"AS-00662930","SALE","OS-028369605","SELLER","25.684210","USDT","2440.00","RUB","95","Sberbank","2024-10-03T09:55:29.760061Z","2024-10-03T10:00:45.559162Z"
"AS-00662954","SALE","OS-028369832","SELLER","40.947368","USDT","3890.00","RUB","95","SBP","2024-10-03T09:57:42.641854Z","2024-10-03T10:04:31.639563Z"
"AS-00662930","SALE","OS-028370677","SELLER","24.210526","USDT","2300.00","RUB","95","SBP","2024-10-03T10:05:56.776431Z","2024-10-03T10:11:59.096181Z"
"AS-00662954","SALE","OS-028370970","SELLER","26.842105","USDT","2550.00","RUB","95","SBP","2024-10-03T10:08:39.054658Z","2024-10-03T10:16:07.502943Z"
"AB-00957687","PURCHASE","OB-028371656","BUYER","30.686917","USDT","2672.83","RUB","87.1","Sberbank","2024-10-03T10:14:06.179524Z","2024-10-03T10:27:42.299025Z"
"AB-00957687","PURCHASE","OB-028371665","BUYER","31.714580","USDT","2762.34","RUB","87.1","Sberbank","2024-10-03T10:14:10.502930Z","2024-10-03T10:30:02.685232Z"
"AS-00662930","SALE","OS-028371845","SELLER","21.052631","USDT","2000.00","RUB","95","T-Bank (Tinkoff)","2024-10-03T10:15:40.700057Z","2024-10-03T10:18:55.426867Z"
"AS-00662930","SALE","OS-028372372","SELLER","28.210526","USDT","2680.00","RUB","95","SBP","2024-10-03T10:20:40.848100Z","2024-10-03T10:27:57.099379Z"
"AS-00662954","SALE","OS-028373146","SELLER","29.157894","USDT","2770.00","RUB","95","SBP","2024-10-03T10:27:15.112859Z","2024-10-03T10:30:17.042432Z"
"AB-00896347","PURCHASE","OB-028375781","BUYER","0.00058035","BTC","3038.96","RUB","5236423.1487401139866","SBP","2024-10-03T10:49:47.620039Z","2024-10-03T11:29:01.079027Z"
"AB-00896347","PURCHASE","OB-028376043","BUYER","0.00077304","BTC","4048.43","RUB","5236964.805384058760125","SBP","2024-10-03T10:52:19.238204Z","2024-10-03T11:07:53.217568Z"
"AS-00663134","SALE","OS-028376733","SELLER","0.00069230","BTC","4050.00","RUB","5850000","SBP","2024-10-03T10:59:06.508177Z","2024-10-03T11:11:43.822900Z"
"AS-00894062","SALE","OS-028377377","SELLER","0.00052136","BTC","3050.00","RUB","5850000","SBP","2024-10-03T11:05:27.040552Z","2024-10-03T12:03:54.333912Z"
"AB-00896347","PURCHASE","OB-028382724","BUYER","0.00171006","BTC","8897.95","RUB","5203270.117910806288375","T-Bank (Tinkoff)","2024-10-03T12:05:47.832371Z","2024-10-03T12:30:15.354689Z"
"AB-00892344","PURCHASE","OB-028382850","BUYER","0.00098418","BTC","5285.05","RUB","5370000","SBP","2024-10-03T12:06:38.991785Z","2024-10-03T12:43:07.652509Z"
"AS-00894062","SALE","OS-028384987","SELLER","0.00153448","BTC","8900.00","RUB","5800000","SBP","2024-10-03T12:26:31.966200Z","2024-10-03T12:30:30.431275Z"
"AS-00663134","SALE","OS-028385608","SELLER","0.00091379","BTC","5300.00","RUB","5800000","SBP","2024-10-03T12:33:20.794469Z","2024-10-03T12:44:27.084010Z"
"AB-00896347","PURCHASE","OB-028386082","BUYER","0.00083429","BTC","4334.85","RUB","5195858.410460531869175","Sberbank","2024-10-03T12:37:03.720090Z","2024-10-03T12:49:21.777851Z"
"AS-00663134","SALE","OS-028387103","SELLER","0.00074827","BTC","4340.00","RUB","5800000","Sberbank","2024-10-03T12:47:00.725421Z","2024-10-03T12:49:37.111727Z"
"AB-00957687","PURCHASE","OB-028389765","BUYER","35.000000","USDT","3048.50","RUB","87.1","T-Bank (Tinkoff)","2024-10-03T13:30:53.546840Z","2024-10-03T13:42:44.357715Z"
"AB-00892344","PURCHASE","OB-028390112","BUYER","0.00119498","BTC","6417.04","RUB","5370000","SBP","2024-10-03T13:33:47.541307Z","2024-10-03T13:41:42.357188Z"
"AS-00662954","SALE","OS-028390283","SELLER","32.105263","USDT","3050.00","RUB","95","T-Bank (Tinkoff)","2024-10-03T13:35:01.267201Z","2024-10-03T13:43:29.568583Z"
"AS-00894062","SALE","OS-028390696","SELLER","0.00111206","BTC","6450.00","RUB","5800000","SBP","2024-10-03T13:38:26.893805Z","2024-10-03T13:42:29.622219Z"
"AB-00892344","PURCHASE","OB-028391062","BUYER","0.00200000","BTC","10740.00","RUB","5370000","SBP","2024-10-03T13:41:31.505048Z","2024-10-03T14:20:41.285546Z"
"AB-00865963","PURCHASE","OB-028392490","BUYER","30.000000","USDT","2572.00","RUB","85.7133153450879345","T-Bank (Tinkoff)","2024-10-03T13:53:28.322391Z","2024-10-03T14:03:59.103411Z"
